title,companyName,formattedLocation,listedAt,Skills Match,Matched Skills,jobPostingUrl
Senior AI Machine Learning Engineer - Remote - Latin America,FullStack Labs,"Guatemala City, Guatemala, Guatemala",2024-08-30 21:49:22+00:00,21.88,"['Python', 'R', 'TensorFlow', 'PyTorch', 'Matplotlib', 'Data Analysis', 'Machine Learning']",https://www.linkedin.com/jobs/view/3968620624/?trk=jobs_biz_prem_srch
Senior AI Machine Learning Engineer - Remote - Latin America,FullStack Labs,"Amatitlán, Guatemala, Guatemala",2024-08-30 21:49:22+00:00,21.88,"['Python', 'R', 'TensorFlow', 'PyTorch', 'Matplotlib', 'Data Analysis', 'Machine Learning']",https://www.linkedin.com/jobs/view/3968621418/?trk=jobs_biz_prem_srch
Senior AI Machine Learning Engineer - Remote - Latin America,FullStack Labs,"Chimaltenango, Chimaltenango, Guatemala",2024-08-30 21:49:21+00:00,21.88,"['Python', 'R', 'TensorFlow', 'PyTorch', 'Matplotlib', 'Data Analysis', 'Machine Learning']",https://www.linkedin.com/jobs/view/3968621433/?trk=jobs_biz_prem_srch
Senior AI Machine Learning Engineer - Remote - Latin America,FullStack Labs,"San Miguel Petapa, Guatemala, Guatemala",2024-08-30 21:49:21+00:00,21.88,"['Python', 'R', 'TensorFlow', 'PyTorch', 'Matplotlib', 'Data Analysis', 'Machine Learning']",https://www.linkedin.com/jobs/view/3968624313/?trk=jobs_biz_prem_srch
Senior AI Machine Learning Engineer - Remote - Latin America,FullStack Labs,"Villa Nueva, Guatemala, Guatemala",2024-08-30 21:49:22+00:00,21.88,"['Python', 'R', 'TensorFlow', 'PyTorch', 'Matplotlib', 'Data Analysis', 'Machine Learning']",https://www.linkedin.com/jobs/view/3968623312/?trk=jobs_biz_prem_srch
Senior AI Machine Learning Engineer - Remote - Latin America,FullStack Labs,"Villa Canales, Guatemala, Guatemala",2024-08-30 21:49:22+00:00,21.88,"['Python', 'R', 'TensorFlow', 'PyTorch', 'Matplotlib', 'Data Analysis', 'Machine Learning']",https://www.linkedin.com/jobs/view/3968620620/?trk=jobs_biz_prem_srch
Senior AI Machine Learning Engineer - Remote - Latin America,FullStack Labs,"Chinautla, Guatemala, Guatemala",2024-08-30 21:49:22+00:00,21.88,"['Python', 'R', 'TensorFlow', 'PyTorch', 'Matplotlib', 'Data Analysis', 'Machine Learning']",https://www.linkedin.com/jobs/view/3968623320/?trk=jobs_biz_prem_srch
Senior AI Machine Learning Engineer - Remote - Latin America,FullStack Labs,"San Juan Sacatepéquez, Guatemala, Guatemala",2024-08-30 21:49:22+00:00,21.88,"['Python', 'R', 'TensorFlow', 'PyTorch', 'Matplotlib', 'Data Analysis', 'Machine Learning']",https://www.linkedin.com/jobs/view/3968621421/?trk=jobs_biz_prem_srch
Senior AI Machine Learning Engineer - Remote - Latin America,FullStack Labs,"Mixco, Guatemala, Guatemala",2024-08-30 21:49:21+00:00,21.88,"['Python', 'R', 'TensorFlow', 'PyTorch', 'Matplotlib', 'Data Analysis', 'Machine Learning']",https://www.linkedin.com/jobs/view/3968618724/?trk=jobs_biz_prem_srch
Data Scientist 1,PayPal,"Guatemala City, Guatemala, Guatemala",2024-07-30 22:42:27+00:00,18.75,"['Python', 'Data Analysis', 'Machine Learning', 'Data Visualization', 'Leadership', 'Communication']",https://www.linkedin.com/jobs/view/3983491385/?trk=jobs_biz_prem_srch
Data Quality Assurance Engineer,Applaudo,"Guatemala City, Guatemala, Guatemala",2024-08-29 22:54:20+00:00,12.5,"['Python', 'ETL', 'Data Analysis', 'Communication']",https://www.linkedin.com/jobs/view/4013217286/?trk=jobs_biz_prem_srch
Senior Data Engineer,3Pillar,"Guatemala City, Guatemala, Guatemala",2024-07-11 21:38:57+00:00,12.5,"['Python', 'R', 'PostgreSQL', 'ETL']",https://www.linkedin.com/jobs/view/3967468693/?trk=jobs_biz_prem_srch
Data Scientist - Product,PayPal,"Guatemala City, Guatemala, Guatemala",2024-07-16 10:42:12+00:00,12.5,"['Python', 'Problem Solving', 'Leadership', 'Communication']",https://www.linkedin.com/jobs/view/3964933629/?trk=jobs_biz_prem_srch
Senior Data Scientist,TELUS International,"Guatemala City, Guatemala, Guatemala",2024-08-31 09:17:35+00:00,12.5,"['Python', 'R', 'Machine Learning', 'Communication']",https://www.linkedin.com/jobs/view/3950400170/?trk=jobs_biz_prem_srch
AI/ML Developer,Novapulse AI,"Guatemala City, Guatemala, Guatemala",2024-08-30 03:37:12+00:00,12.5,"['Python', 'TensorFlow', 'PyTorch', 'Machine Learning']",https://www.linkedin.com/jobs/view/4013336472/?trk=jobs_biz_prem_srch
Seeds Data Analyst,Syngenta,"Guatemala, Guatemala",2024-08-15 23:11:19+00:00,12.5,"['Python', 'R', 'Data Analysis', 'Communication']",https://www.linkedin.com/jobs/view/3999616892/?trk=jobs_biz_prem_srch
Senior Business Analyst,Launchpad Technologies Inc.,"Guatemala City, Guatemala, Guatemala",2024-08-30 07:35:58+00:00,9.38,"['Web Development', 'React', 'Communication']",https://www.linkedin.com/jobs/view/3975786199/?trk=jobs_biz_prem_srch
Analyst,McKinsey & Company,"Guatemala City, Guatemala, Guatemala",2024-08-21 09:15:25+00:00,9.38,"['Problem Solving', 'Leadership', 'Communication']",https://www.linkedin.com/jobs/view/2596929986/?trk=jobs_biz_prem_srch
Data Analyst (GCP),Applaudo,"Guatemala City, Guatemala, Guatemala",2024-08-21 15:49:58+00:00,9.38,"['ETL', 'Data Visualization', 'Communication']",https://www.linkedin.com/jobs/view/4007017866/?trk=jobs_biz_prem_srch
DATA ANALYST,Sapiens Consulting GT,"Guatemala City, Guatemala, Guatemala",2024-07-23 20:42:40+00:00,9.38,"['Data Analysis', 'Data Visualization', 'Communication']",https://www.linkedin.com/jobs/view/3983295087/?trk=jobs_biz_prem_srch
Ingeniero de Datos (ETL-Datawarehouse),"Business Development Group, S.A.","Guatemala, Guatemala, Guatemala",2024-08-30 22:50:57+00:00,9.38,"['ETL', 'Análisis de Datos', 'Visualización de Datos']",https://www.linkedin.com/jobs/view/4014007778/?trk=jobs_biz_prem_srch
Data Analyst (GCP),Applaudo,"Guatemala, Guatemala",2024-08-21 15:48:25+00:00,9.38,"['ETL', 'Data Visualization', 'Communication']",https://www.linkedin.com/jobs/view/4007021412/?trk=jobs_biz_prem_srch
Analista de Medios (Mercadeo y Datos) - Digital Media Solutions,,"Guatemala, Guatemala, Guatemala",2024-08-29 05:43:58+00:00,6.25,"['Visualización de Datos', 'Comunicación']",https://www.linkedin.com/jobs/view/4012483150/?trk=jobs_biz_prem_srch
Analista de Datos,HR Consultores,"Guatemala City, Guatemala, Guatemala",2024-07-26 02:09:52+00:00,6.25,"['ETL', 'Visualización de Datos']",https://www.linkedin.com/jobs/view/3984724397/?trk=jobs_biz_prem_srch
"Programs Data Analyst, Guatemala",Acceso,"Guatemala City, Guatemala, Guatemala",2024-08-16 15:48:58+00:00,6.25,"['Data Analysis', 'Time Management']",https://www.linkedin.com/jobs/view/4001345442/?trk=jobs_biz_prem_srch
CIENTIFICO DE DATOS,,"Guatemala City, Guatemala, Guatemala",2024-08-17 12:56:41+00:00,6.25,"['Python', 'R']",https://www.linkedin.com/jobs/view/4003447868/?trk=jobs_biz_prem_srch
Jefe de ciencia de datos,BAC,"Guatemala, Guatemala",2024-08-14 20:42:47+00:00,6.25,"['Python', 'Análisis de Datos']",https://www.linkedin.com/jobs/view/4001749423/?trk=jobs_biz_prem_srch
Ingeniero de datos,Solvex Guatemala,"Guatemala, Guatemala, Guatemala",2024-08-28 16:03:34+00:00,6.25,"['Python', 'Git']",https://www.linkedin.com/jobs/view/4010269332/?trk=jobs_biz_prem_srch
Analista de datos,Cofiño Stahl,"Zona Cinco, Guatemala, Guatemala",2024-08-29 17:44:42+00:00,6.25,"['Análisis de Datos', 'Comunicación']",https://www.linkedin.com/jobs/view/4012940113/?trk=jobs_biz_prem_srch
Analista de datos,Confidencial,"Guatemala, Guatemala",2024-08-23 18:48:22+00:00,6.25,"['R', 'Análisis de Datos']",https://www.linkedin.com/jobs/view/4008824967/?trk=jobs_biz_prem_srch
Analista de Datos Junior,Confidencial,"Guatemala, Guatemala",2024-08-21 20:46:02+00:00,6.25,"['R', 'Análisis de Datos']",https://www.linkedin.com/jobs/view/4005122009/?trk=jobs_biz_prem_srch
Data Analyst,HR Consultores,"Guatemala City, Guatemala, Guatemala",2024-07-25 00:00:00+00:00,6.25,"['ETL', 'Data Visualization']",https://www.linkedin.com/jobs/view/3982000245/?trk=jobs_biz_prem_srch
Senior Data Engineer - Remote - Latin America,FullStack Labs,"San Miguel Petapa, Guatemala, Guatemala",2024-08-28 16:49:39+00:00,6.25,"['Python', 'ETL']",https://www.linkedin.com/jobs/view/4010251988/?trk=jobs_biz_prem_srch
Senior Data Engineer - Remote - Latin America,FullStack Labs,"Mixco, Guatemala, Guatemala",2024-08-28 16:49:39+00:00,6.25,"['Python', 'ETL']",https://www.linkedin.com/jobs/view/4010258134/?trk=jobs_biz_prem_srch
Senior Data Engineer - Remote - Latin America,FullStack Labs,"Chinautla, Guatemala, Guatemala",2024-08-28 16:49:39+00:00,6.25,"['Python', 'ETL']",https://www.linkedin.com/jobs/view/4010252928/?trk=jobs_biz_prem_srch
Senior Data Engineer - Remote - Latin America,FullStack Labs,"San Juan Sacatepéquez, Guatemala, Guatemala",2024-08-28 16:49:39+00:00,6.25,"['Python', 'ETL']",https://www.linkedin.com/jobs/view/4010257436/?trk=jobs_biz_prem_srch
Data Engineer,Launchpad Technologies Inc.,"Guatemala City, Guatemala, Guatemala",2024-08-30 07:35:59+00:00,6.25,"['Python', 'ETL']",https://www.linkedin.com/jobs/view/3963304715/?trk=jobs_biz_prem_srch
Senior Data Engineer - Remote - Latin America,FullStack Labs,"Guatemala City, Guatemala, Guatemala",2024-08-28 16:49:39+00:00,6.25,"['Python', 'ETL']",https://www.linkedin.com/jobs/view/4010251993/?trk=jobs_biz_prem_srch
Ejecutivo Comercial  —BDR,NIU Solutions,"Guatemala City, Guatemala, Guatemala",2024-08-30 15:02:22+00:00,6.25,"['Gestión del Tiempo', 'Comunicación']",https://www.linkedin.com/jobs/view/4013569550/?trk=jobs_biz_prem_srch
Analista de Logística,bia,"Guatemala, Guatemala",2024-08-29 22:14:07+00:00,6.25,"['Resolución de Problemas', 'Comunicación']",https://www.linkedin.com/jobs/view/4011193058/?trk=jobs_biz_prem_srch
Gerente Comercial Retail - Área Metropolitana,ORANGE TALENT GROUP,"Guatemala City, Guatemala, Guatemala",2024-08-30 00:00:00+00:00,6.25,"['Análisis de Datos', 'Liderazgo']",https://www.linkedin.com/jobs/view/4012097868/?trk=jobs_biz_prem_srch
Software Developer,Genpact,"Guatemala, Guatemala",2024-08-29 19:20:32+00:00,6.25,"['Python', 'JavaScript']",https://www.linkedin.com/jobs/view/4011205016/?trk=jobs_biz_prem_srch
ETL/Report Writer,Launchpad Technologies Inc.,"Guatemala City, Guatemala, Guatemala",2024-08-30 07:35:57+00:00,6.25,"['ETL', 'Communication']",https://www.linkedin.com/jobs/view/4003492773/?trk=jobs_biz_prem_srch
Senior Data Engineer,Launchpad Technologies Inc.,"Guatemala City, Guatemala, Guatemala",2024-08-30 07:35:57+00:00,6.25,"['ETL', 'Communication']",https://www.linkedin.com/jobs/view/4003489910/?trk=jobs_biz_prem_srch
Senior Data Engineer - Remote - Latin America,FullStack Labs,"Villa Canales, Guatemala, Guatemala",2024-08-28 16:49:39+00:00,6.25,"['Python', 'ETL']",https://www.linkedin.com/jobs/view/4010254843/?trk=jobs_biz_prem_srch
Data Scientist 2,PayPal,"Guatemala City, Guatemala, Guatemala",2024-08-31 05:24:05+00:00,6.25,"['Python', 'Problem Solving']",https://www.linkedin.com/jobs/view/3995927625/?trk=jobs_biz_prem_srch
DATA CENTER NETWORK ENGINEER,Millicom (Tigo),"Guatemala City, Guatemala, Guatemala",2024-08-17 02:19:48+00:00,6.25,"['Resolución de Problemas', 'Comunicación']",https://www.linkedin.com/jobs/view/4003309314/?trk=jobs_biz_prem_srch
Intermediate Data Engineer,Launchpad Technologies Inc.,"Guatemala City, Guatemala, Guatemala",2024-08-30 07:35:57+00:00,6.25,"['ETL', 'Communication']",https://www.linkedin.com/jobs/view/4003493467/?trk=jobs_biz_prem_srch
Senior Data Engineer - Remote - Latin America,FullStack Labs,"Amatitlán, Guatemala, Guatemala",2024-08-28 16:49:39+00:00,6.25,"['Python', 'ETL']",https://www.linkedin.com/jobs/view/4010257444/?trk=jobs_biz_prem_srch
Senior Data Engineer,TELUS International,"Guatemala City, Guatemala, Guatemala",2024-08-30 09:20:24+00:00,6.25,"['Python', 'Communication']",https://www.linkedin.com/jobs/view/3952747460/?trk=jobs_biz_prem_srch
Senior Data Engineer - Remote - Latin America,FullStack Labs,"Villa Nueva, Guatemala, Guatemala",2024-08-28 16:49:39+00:00,6.25,"['Python', 'ETL']",https://www.linkedin.com/jobs/view/4010258136/?trk=jobs_biz_prem_srch
Senior Data Engineer - Remote - Latin America,FullStack Labs,"Chimaltenango, Chimaltenango, Guatemala",2024-08-28 16:49:39+00:00,6.25,"['Python', 'ETL']",https://www.linkedin.com/jobs/view/4010258141/?trk=jobs_biz_prem_srch
Mid-Senior Data Engineer,Athenaworks,"Guatemala City, Guatemala, Guatemala",2024-08-21 07:46:12+00:00,6.25,"['Python', 'ETL']",https://www.linkedin.com/jobs/view/4003934998/?trk=jobs_biz_prem_srch
Data Architect - Remote - Latin America,FullStack Labs,"Villa Nueva, Guatemala, Guatemala",2024-08-28 22:59:17+00:00,3.12,['ETL'],https://www.linkedin.com/jobs/view/4010683014/?trk=jobs_biz_prem_srch
Asistencia a operaciones,Dichter & Neira,"Guatemala City, Guatemala, Guatemala",2024-08-30 14:03:11+00:00,3.12,['Comunicación'],https://www.linkedin.com/jobs/view/4013522192/?trk=jobs_biz_prem_srch
Analista Funcional Contable de Odoo,CONFIDENCIAL,"Guatemala, Guatemala, Guatemala",2024-08-29 22:25:59+00:00,3.12,['Comunicación'],https://www.linkedin.com/jobs/view/4012860251/?trk=jobs_biz_prem_srch
Data Architect - Remote - Latin America,FullStack Labs,"San Miguel Petapa, Guatemala, Guatemala",2024-08-28 22:59:17+00:00,3.12,['ETL'],https://www.linkedin.com/jobs/view/4010679318/?trk=jobs_biz_prem_srch
Asistente Analista de Datos -  Mercado Vehículos,Grupo Continental Motores,"Guatemala City, Guatemala, Guatemala",2024-07-29 00:00:00+00:00,3.12,['Análisis de Datos'],https://www.linkedin.com/jobs/view/3986100551/?trk=jobs_biz_prem_srch
Ingeniero de datos - Oracle,,"Guatemala City, Guatemala, Guatemala",2024-08-29 00:00:00+00:00,3.12,['Resolución de Problemas'],https://www.linkedin.com/jobs/view/4012326105/?trk=jobs_biz_prem_srch
E-Commerce Marketing Data Analyst GT (Remote),Simera,"Guatemala City, Guatemala, Guatemala",2024-07-30 09:45:01+00:00,3.12,['Data Analysis'],https://www.linkedin.com/jobs/view/3985610325/?trk=jobs_biz_prem_srch
Analista de Rentabilidad,Zigi App,"Guatemala City, Guatemala, Guatemala",2024-08-07 10:05:13+00:00,3.12,['Python'],https://www.linkedin.com/jobs/view/3994482402/?trk=jobs_biz_prem_srch
Data Architect - Remote - Latin America,FullStack Labs,"Mixco, Guatemala, Guatemala",2024-08-28 22:59:17+00:00,3.12,['ETL'],https://www.linkedin.com/jobs/view/4010680289/?trk=jobs_biz_prem_srch
Analista de Integridad de Datos,NAVARU SOLUCIONES EMPRESARIALES ,"Guatemala, Guatemala, Guatemala",2024-08-13 02:22:48+00:00,0.0,[],https://www.linkedin.com/jobs/view/3996923232/?trk=jobs_biz_prem_srch
Administrador de bases de datos SQL Server,"Inversiones Centroamericanas, S. A.","Santa Catarina Pinula, Guatemala, Guatemala",2024-08-21 22:33:38+00:00,0.0,[],https://www.linkedin.com/jobs/view/4005140200/?trk=jobs_biz_prem_srch
"Especialista en Estándares de Datos Abiertos en Justicia, USAID JTP",Dexis Consulting Group,"Guatemala City, Guatemala, Guatemala",2024-08-31 10:00:28+00:00,0.0,[],https://www.linkedin.com/jobs/view/3997637934/?trk=jobs_biz_prem_srch
DIGITADOR DE DATOS,Grupo OEG,"Amatitlán, Guatemala, Guatemala",2024-08-29 05:44:06+00:00,0.0,[],https://www.linkedin.com/jobs/view/4012480551/?trk=jobs_biz_prem_srch
Administrador de base de datos - Senior,Bitco,"Guatemala City, Guatemala, Guatemala",2024-08-26 00:00:00+00:00,0.0,[],https://www.linkedin.com/jobs/view/4009449316/?trk=jobs_biz_prem_srch
Coordinador de aseguramiento de la información – Analista de datos senior,Preseleccion Empresarial,"Zona Diez, Guatemala, Guatemala",2024-08-07 14:09:58+00:00,0.0,[],https://www.linkedin.com/jobs/view/3995251809/?trk=jobs_biz_prem_srch
Administrador de base de datos Senior,Blanco Silva Consultoría Informática - BSCI -,"Guatemala, Guatemala, Guatemala",2024-08-26 20:39:37+00:00,0.0,[],https://www.linkedin.com/jobs/view/4007882002/?trk=jobs_biz_prem_srch
Administrador de Bases de Datos Senior,,"Guatemala, Guatemala, Guatemala",2024-08-27 05:39:31+00:00,0.0,[],https://www.linkedin.com/jobs/view/4010994049/?trk=jobs_biz_prem_srch
Analista de Business Intelligence,IQVIA,"Guatemala City, Guatemala, Guatemala",2024-08-14 15:09:17+00:00,0.0,[],https://www.linkedin.com/jobs/view/3983071873/?trk=jobs_biz_prem_srch
Data Analyst [Tech Job],TELUS International,"Guatemala City, Guatemala, Guatemala",2024-08-26 19:50:09+00:00,0.0,[],https://www.linkedin.com/jobs/view/4008043512/?trk=jobs_biz_prem_srch
Analista de datos,BAC,"Guatemala, Guatemala",2024-08-14 23:09:48+00:00,0.0,[],https://www.linkedin.com/jobs/view/4001805222/?trk=jobs_biz_prem_srch
Analista de Datos - Megapaca Oficinas - Palín,Megapaca,"Palín, Escuintla, Guatemala",2024-08-01 00:00:00+00:00,0.0,[],https://www.linkedin.com/jobs/view/3989195431/?trk=jobs_biz_prem_srch
Asesor de Proyectos De Captura e Impresión de Datos,ESHOP GROUP,"Municipio de Fraijanes, Guatemala, Guatemala",2024-08-02 00:00:00+00:00,0.0,[],https://www.linkedin.com/jobs/view/3989195415/?trk=jobs_biz_prem_srch
Analista de Datos,BC Soluciones Globales,"Guatemala, Guatemala, Guatemala",2024-08-05 14:10:18+00:00,0.0,[],https://www.linkedin.com/jobs/view/3993816195/?trk=jobs_biz_prem_srch
Analista de Base de datos / Villa Nueva,,"Villa Nueva, Guatemala, Guatemala",2024-08-07 02:09:52+00:00,0.0,[],https://www.linkedin.com/jobs/view/3995153719/?trk=jobs_biz_prem_srch
Analista de Datos & Soporte,Inchcape Américas,"Guatemala, Guatemala",2024-08-22 17:19:32+00:00,0.0,[],https://www.linkedin.com/jobs/view/4007817791/?trk=jobs_biz_prem_srch
Analista de Datos,Soluciones Globales,"Guatemala City, Guatemala, Guatemala",2024-08-06 00:00:00+00:00,0.0,[],https://www.linkedin.com/jobs/view/3993637995/?trk=jobs_biz_prem_srch
ADMINISTRADOR (A)  DE BASES DE DATOS,,"Guatemala City, Guatemala, Guatemala",2024-08-15 13:07:36+00:00,0.0,[],https://www.linkedin.com/jobs/view/4000459030/?trk=jobs_biz_prem_srch
ANALISTA DE MODIFICACIÓN DE DATOS - ARKADIA ZONA 10,,"Guatemala City, Guatemala, Guatemala",2024-08-24 12:56:19+00:00,0.0,[],https://www.linkedin.com/jobs/view/4009520087/?trk=jobs_biz_prem_srch
ANALISTA III (ACTIVATE18) EN UNIDAD DE OPERACIONES BANCARIAS,Bam,"Guatemala, Guatemala, Guatemala",2024-08-30 19:34:55+00:00,0.0,[],https://www.linkedin.com/jobs/view/4013785015/?trk=jobs_biz_prem_srch
Líder de Agencias Impecables,BAC,"Guatemala, Guatemala",2024-08-30 19:20:10+00:00,0.0,[],https://www.linkedin.com/jobs/view/4013774633/?trk=jobs_biz_prem_srch
Especialista de Cash Flow,bia,"Guatemala, Guatemala",2024-08-31 19:52:50+00:00,0.0,[],https://www.linkedin.com/jobs/view/4012528851/?trk=jobs_biz_prem_srch
GESTOR/A DE RED CORRESPONSALES EN UNIDAD DE ESTRATEGIA DE CANALES,Bam,"Guatemala, Guatemala, Guatemala",2024-08-30 19:35:11+00:00,0.0,[],https://www.linkedin.com/jobs/view/4013781411/?trk=jobs_biz_prem_srch
Analista Planificación Financiera,Corporación Multi Inversiones,"Guatemala, Guatemala",2024-08-31 10:03:05+00:00,0.0,[],https://www.linkedin.com/jobs/view/3996696239/?trk=jobs_biz_prem_srch
CPFR Specialist,Beiersdorf,"Guatemala City, Guatemala, Guatemala",2024-09-01 03:05:23+00:00,0.0,[],https://www.linkedin.com/jobs/view/4008749692/?trk=jobs_biz_prem_srch
ANALISTA III DE INNOVACION DIGITAL EN UNIDAD DE CANALES DIGITALES,Bam,"Guatemala, Guatemala, Guatemala",2024-08-30 19:34:59+00:00,0.0,[],https://www.linkedin.com/jobs/view/4013786016/?trk=jobs_biz_prem_srch
Analista II de Universidad Corporativa,Bantrab,"Guatemala, Guatemala",2024-08-31 18:37:06+00:00,0.0,[],https://www.linkedin.com/jobs/view/4014492168/?trk=jobs_biz_prem_srch
Especialista de Estrategia Jr,BAC,"Guatemala, Guatemala",2024-08-30 19:16:36+00:00,0.0,[],https://www.linkedin.com/jobs/view/4013770857/?trk=jobs_biz_prem_srch
Arquitecto de TI Ciberseguridad Redes Industriales,Corporación Multi Inversiones,"Guatemala, Guatemala",2024-08-28 23:03:42+00:00,0.0,[],https://www.linkedin.com/jobs/view/4010680690/?trk=jobs_biz_prem_srch
Analista de aduanas,,"Zona Nueve, Guatemala, Guatemala",2024-08-21 17:38:11+00:00,0.0,[],https://www.linkedin.com/jobs/view/4007051441/?trk=jobs_biz_prem_srch
Analista de Desembolsos,CB Center Guatemala,"Zona Diez, Guatemala, Guatemala",2024-08-26 00:00:00+00:00,0.0,[],https://www.linkedin.com/jobs/view/4009442884/?trk=jobs_biz_prem_srch
ANALISTA DE DESEMBOLSO,,"Guatemala City, Guatemala, Guatemala",2024-08-31 13:22:49+00:00,0.0,[],https://www.linkedin.com/jobs/view/4014437823/?trk=jobs_biz_prem_srch
ANALISTA DE UNIFORMES,,"Guatemala City, Guatemala, Guatemala",2024-08-03 12:56:52+00:00,0.0,[],https://www.linkedin.com/jobs/view/3992081272/?trk=jobs_biz_prem_srch
Analista de Canales Temporal,,"Fraijanes, Guatemala, Guatemala",2024-08-03 02:10:02+00:00,0.0,[],https://www.linkedin.com/jobs/view/3991957878/?trk=jobs_biz_prem_srch
Analista de Route to Market,bia,"Guatemala, Guatemala",2024-08-09 15:11:32+00:00,0.0,[],https://www.linkedin.com/jobs/view/3997324875/?trk=jobs_biz_prem_srch
Analista de Canales Temporal Urgente,,"Fraijanes, Guatemala, Guatemala",2024-08-02 00:00:00+00:00,0.0,[],https://www.linkedin.com/jobs/view/3990070025/?trk=jobs_biz_prem_srch
Analista Q. A. I,,"Guatemala, Guatemala, Guatemala",2024-08-13 20:53:17+00:00,0.0,[],https://www.linkedin.com/jobs/view/3631650049/?trk=jobs_biz_prem_srch
Analista de Desembolsos,,"Zona Diez, Guatemala, Guatemala",2024-08-27 05:39:49+00:00,0.0,[],https://www.linkedin.com/jobs/view/4010992355/?trk=jobs_biz_prem_srch
Ingeniero Asesor Comercial de Energia y Centro de datos,,"Fraijanes, Guatemala, Guatemala",2024-07-25 02:10:27+00:00,0.0,[],https://www.linkedin.com/jobs/view/3984232538/?trk=jobs_biz_prem_srch
Ingeniero Asesor Comercial de Captura y Centro de Datos,,"Fraijanes, Guatemala, Guatemala",2024-07-24 00:00:00+00:00,0.0,[],https://www.linkedin.com/jobs/view/3981851295/?trk=jobs_biz_prem_srch
